-- MySQL dump 10.13  Distrib 8.0.12, for Win64 (x86_64)
--
-- Host: 127.0.0.1    Database: horse_racing
-- ------------------------------------------------------
-- Server version	8.0.12

/*!40101 SET @OLD_CHARACTER_SET_CLIENT=@@CHARACTER_SET_CLIENT */;
/*!40101 SET @OLD_CHARACTER_SET_RESULTS=@@CHARACTER_SET_RESULTS */;
/*!40101 SET @OLD_COLLATION_CONNECTION=@@COLLATION_CONNECTION */;
 SET NAMES utf8 ;
/*!40103 SET @OLD_TIME_ZONE=@@TIME_ZONE */;
/*!40103 SET TIME_ZONE='+00:00' */;
/*!40014 SET @OLD_UNIQUE_CHECKS=@@UNIQUE_CHECKS, UNIQUE_CHECKS=0 */;
/*!40014 SET @OLD_FOREIGN_KEY_CHECKS=@@FOREIGN_KEY_CHECKS, FOREIGN_KEY_CHECKS=0 */;
/*!40101 SET @OLD_SQL_MODE=@@SQL_MODE, SQL_MODE='NO_AUTO_VALUE_ON_ZERO' */;
/*!40111 SET @OLD_SQL_NOTES=@@SQL_NOTES, SQL_NOTES=0 */;

--
-- Dumping data for table `bet`
--

LOCK TABLES `bet` WRITE;
/*!40000 ALTER TABLE `bet` DISABLE KEYS */;
INSERT INTO `bet` (`id`, `race_id`, `bet_type_id`, `odds`) VALUES (1,3,1,2.50),(2,3,2,3.25),(3,3,1,3.60),(4,3,3,5.20),(5,3,4,2.50),(6,3,5,5.00),(8,1,1,2.40),(9,1,1,2.60),(10,1,2,5.80),(11,1,2,5.10),(12,1,3,1.60),(13,1,4,8.00),(14,1,5,3.20),(15,1,6,1.50),(24,29,1,6.40),(25,29,3,7.00),(27,29,2,3.00),(28,29,2,5.40),(29,33,1,7.00),(30,33,1,1.00),(31,33,2,6.30),(32,33,5,6.30),(33,33,5,2.10),(34,33,5,32.00),(35,33,5,21.00),(37,29,1,1.50),(38,29,3,6.00),(39,29,3,6.00),(40,29,2,3.20),(41,29,1,2.30),(42,29,5,2.50),(43,29,5,7.20),(44,29,5,1.20),(45,29,6,2.50),(46,29,1,4.00),(47,29,2,5.00),(48,29,2,4.00),(49,29,3,6.00),(50,29,5,4.00),(51,29,5,2.00),(52,29,4,2.84),(53,29,6,6.00);
/*!40000 ALTER TABLE `bet` ENABLE KEYS */;
UNLOCK TABLES;

--
-- Dumping data for table `bet_description`
--

LOCK TABLES `bet_description` WRITE;
/*!40000 ALTER TABLE `bet_description` DISABLE KEYS */;
INSERT INTO `bet_description` (`bet_id`, `condition`, `horse_id`) VALUES (8,1,1),(10,2,1),(13,3,1),(12,1,2),(14,3,2),(9,1,3),(12,2,3),(15,4,3),(1,1,4),(2,1,4),(4,1,4),(10,1,4),(11,1,4),(2,2,5),(4,2,5),(3,1,7),(11,2,8),(6,4,9),(5,3,11),(30,1,15),(31,1,15),(34,2,15),(35,3,15),(39,3,17),(44,2,17),(25,1,21),(40,3,21),(41,1,21),(42,4,21),(43,2,21),(47,1,21),(48,2,21),(49,3,21),(53,1,21),(25,2,24),(46,1,24),(47,2,24),(48,1,24),(50,2,24),(51,4,24),(27,2,25),(28,1,25),(38,1,25),(40,2,25),(45,1,25),(49,2,25),(24,1,26),(27,1,26),(28,2,26),(39,1,26),(40,1,26),(49,1,26),(52,4,26),(29,1,27),(33,4,27),(37,1,27),(38,2,27),(39,2,27),(31,2,29),(32,3,29);
/*!40000 ALTER TABLE `bet_description` ENABLE KEYS */;
UNLOCK TABLES;

--
-- Dumping data for table `bet_type`
--

LOCK TABLES `bet_type` WRITE;
/*!40000 ALTER TABLE `bet_type` DISABLE KEYS */;
INSERT INTO `bet_type` (`id`, `type`) VALUES (1,'Win'),(2,'Forecast'),(3,'Reversed Forecast'),(4,'Top'),(5,'Exact place'),(6,'Outsider');
/*!40000 ALTER TABLE `bet_type` ENABLE KEYS */;
UNLOCK TABLES;

--
-- Dumping data for table `form`
--

LOCK TABLES `form` WRITE;
/*!40000 ALTER TABLE `form` DISABLE KEYS */;
INSERT INTO `form` (`id`, `color`, `image_path`) VALUES (1,'blue-yellow','/images/form/blue_yellow.png'),(2,'blue-white','/images/form/blue_white.png'),(3,'purple-black','/images/form/purple_black.png'),(4,'red-white','/images/form/red_white.png'),(5,'green-white','/images/form/green_white.png'),(6,'blue_red_dotted','/images/form/blue_red_dotted.png'),(7,'green_blue_strip.png','/images/form/green_blue_strip.png'),(8,'orange-blue','/images/form/orange_blue.png'),(9,'red_lightning','/images/form/red_lightning.png'),(10,'yellow_purple','/images/form/yellow_purple.png');
/*!40000 ALTER TABLE `form` ENABLE KEYS */;
UNLOCK TABLES;

--
-- Dumping data for table `horse`
--

LOCK TABLES `horse` WRITE;
/*!40000 ALTER TABLE `horse` DISABLE KEYS */;
INSERT INTO `horse` (`id`, `name`, `age`, `sex`) VALUES (1,'Boris Ferry',10,'male'),(2,'Lou Barton',12,'female'),(3,'Maybelle Goodwin IV',8,'gelding'),(4,'Amely Price',6,'gelding'),(5,'Dr. Nicholas Smitham',6,'female'),(6,'Ms. Josie Will PhD',13,'gelding'),(7,'Niko Kuvalis',12,'gelding'),(8,'Prof. Sven Kovacek Jr.',7,'gelding'),(9,'Sister Upton',10,'male'),(10,'Doyle Walker',3,'male'),(11,'Eloisa Rodriguez PhD',5,'female'),(12,'Ms. Berenice Kuhic V',8,'female'),(13,'Columbus Legros',12,'male'),(14,'Lysanne Yost',11,'gelding'),(15,'Aidan Kovacek',5,'male'),(16,'Uriel Gulgowski',9,'male'),(17,'Mina Lang V',10,'female'),(18,'Christian Schuster',10,'male'),(19,'Virgil Cremin II',14,'female'),(20,'Kaleb Gaylord',12,'female'),(21,'Denis Rodriguez',4,'gelding'),(22,'Cheyanne Anderson',10,'male'),(23,'Arnold King MD',4,'gelding'),(24,'Finn Bode',15,'female'),(25,'Josephine Zboncak',15,'gelding'),(26,'Prof. Brant Weber PhD',3,'female'),(27,'Dr. Eleanore Langosh',13,'male'),(28,'Paris Feest DDS',8,'female'),(29,'Delilah Mohr',9,'female'),(30,'Prof. Cassandre Cole MD',13,'female'),(31,'Henriette Cummings',5,'male'),(32,'Viola Wolff III',6,'gelding'),(33,'Rita Paucek',13,'female'),(34,'Geraldine Jaskolski',8,'female'),(35,'Jerad Hills',11,'gelding');
/*!40000 ALTER TABLE `horse` ENABLE KEYS */;
UNLOCK TABLES;

--
-- Dumping data for table `race`
--

LOCK TABLES `race` WRITE;
/*!40000 ALTER TABLE `race` DISABLE KEYS */;
INSERT INTO `race` (`id`, `name`, `location`, `distance`, `date_time`, `recorded`) VALUES (1,'Connellyberg','Vermont',2000,'2018-11-21 03:50:00',0),(2,'Brauntown','Nebraska',3000,'2018-10-20 12:30:00',0),(3,'New Lavonnemouth','Louisiana',1000,'2018-09-01 12:40:00',1),(4,'Lake Gabrielmouth','Louisiana',4000,'2018-10-20 10:00:00',0),(5,'West Eryn','RhodeIsland',1000,'2018-11-02 19:10:00',0),(6,'Jasperberg','Massachusetts',500,'2018-09-22 09:47:25',0),(7,'Lake Curt','Iowa',3000,'2018-05-19 08:18:05',1),(8,'Paucekton','Kansas',500,'2018-04-18 22:21:56',1),(9,'Prohaskashire','District of Columbia',4000,'2018-04-26 23:22:03',1),(10,'West Lucychester','NorthDakota',1000,'2017-11-05 13:17:26',1),(11,'McCulloughchester','Pennsylvania',3000,'2018-02-07 23:55:38',1),(12,'West Anjali','Alaska',1000,'2017-11-13 13:14:34',1),(13,'Vanessaborough','Wisconsin',3000,'2018-08-22 12:04:09',0),(14,'Edgardohaven','Missouri',500,'2018-08-20 05:00:27',0),(15,'Dickensmouth','Virginia',1000,'2018-03-29 07:17:44',1),(16,'Akeemshire','Massachusetts',4000,'2018-11-12 03:04:10',0),(17,'Creminside','WestVirginia',500,'2018-06-18 03:06:44',0),(18,'Johnstonstad','Massachusetts',4000,'2018-09-14 13:17:06',0),(19,'South Valerieshire','Florida',4000,'2018-12-18 13:23:19',0),(20,'Bertrandfort','Arizona',3000,'2018-02-15 00:31:31',1),(21,'North Felipefort','Delaware',2000,'2017-10-24 05:13:57',1),(22,'Lake Ninaburgh','NewJersey',3000,'2018-09-13 02:58:15',0),(23,'Lake Narciso','Oklahoma',4000,'2017-11-19 05:34:40',1),(24,'East D\'angelomouth','Indiana',3000,'2018-11-13 22:02:23',0),(25,'Auerfurt','Montana',2000,'2017-11-12 19:35:13',1),(26,'Aubreytown','WestVirginia',1000,'2018-12-13 23:12:55',0),(27,'South Dayana','Georgia',1000,'2017-12-31 19:07:15',1),(28,'South Coltenbury','Montana',4000,'2018-09-25 00:48:11',0),(29,'New Princess','Maryland',3000,'2018-10-27 08:40:08',0),(30,'East Maximillian','Tennessee',500,'2018-09-20 11:30:58',0),(31,'Funkstad','Alaska',4000,'2017-11-21 20:15:46',1),(32,'Marksbury','Nebraska',1000,'2018-05-20 18:43:16',0),(33,'North Keanu','Utah',3000,'2018-10-27 16:15:42',0),(34,'Stammshire','NewHampshire',4000,'2018-12-30 18:19:28',0),(35,'Kozeyland','NorthDakota',3000,'2018-07-24 09:44:02',1),(36,'West Kareemville','NewHampshire',2000,'2017-11-25 13:31:01',1),(37,'Wuckertmouth','Nevada',1000,'2018-11-08 17:19:16',0),(38,'West Marianeberg','Virginia',500,'2018-09-12 02:50:50',0),(39,'Lednermouth','Oklahoma',500,'2018-01-29 22:53:03',1),(40,'Pouroschester','Oklahoma',1000,'2018-03-14 00:10:32',1),(46,'1st race','Minsk',2000,'2018-10-20 16:04:00',0),(48,'3rd race','Minsk',1000,'2018-10-21 22:00:00',0);
/*!40000 ALTER TABLE `race` ENABLE KEYS */;
UNLOCK TABLES;

--
-- Dumping data for table `race_m2m_horse`
--

LOCK TABLES `race_m2m_horse` WRITE;
/*!40000 ALTER TABLE `race_m2m_horse` DISABLE KEYS */;
INSERT INTO `race_m2m_horse` (`race_id`, `horse_id`, `form_id`, `number`, `place`) VALUES (1,1,1,1,1),(1,2,2,2,5),(1,3,5,5,3),(1,4,3,3,4),(1,8,4,4,2),(2,3,5,3,NULL),(2,12,4,2,NULL),(2,15,3,1,NULL),(3,4,1,1,4),(3,5,2,2,5),(3,7,4,3,2),(3,9,5,4,1),(3,11,3,5,3),(4,2,4,2,NULL),(4,4,3,4,NULL),(4,8,1,3,NULL),(4,14,2,1,NULL),(5,5,4,2,NULL),(5,6,5,1,NULL),(5,10,3,3,NULL),(7,2,2,2,1),(7,5,8,5,2),(8,1,4,1,2),(8,10,5,3,1),(8,17,8,2,4),(8,34,1,4,3),(9,1,9,2,4),(9,5,4,5,7),(9,7,2,6,5),(9,14,6,7,6),(9,16,5,1,2),(9,18,7,4,1),(9,29,8,3,3),(10,1,9,1,4),(10,12,10,5,3),(10,19,2,2,1),(10,20,5,4,6),(10,28,7,3,2),(10,32,8,6,5),(11,1,9,3,6),(11,14,2,5,5),(11,17,10,6,4),(11,19,8,1,3),(11,21,6,2,1),(11,31,7,4,2),(12,1,3,2,4),(12,6,10,1,1),(12,19,1,3,2),(12,29,4,4,3),(13,9,4,4,NULL),(13,14,6,2,NULL),(13,21,2,1,NULL),(13,31,10,3,NULL),(14,6,5,1,NULL),(14,16,9,4,NULL),(14,17,1,2,NULL),(14,22,8,3,NULL),(14,31,10,5,NULL),(15,4,6,1,1),(15,5,10,3,3),(15,6,5,2,2),(16,4,3,2,NULL),(16,15,7,4,NULL),(16,16,8,3,NULL),(16,29,10,5,NULL),(16,33,9,1,NULL),(17,8,3,8,NULL),(17,10,2,3,NULL),(17,14,5,7,NULL),(17,15,6,1,NULL),(17,24,8,2,NULL),(17,29,10,4,NULL),(17,31,1,5,NULL),(17,34,9,6,NULL),(18,3,1,2,NULL),(18,5,2,4,NULL),(18,10,3,5,NULL),(18,22,10,1,NULL),(18,33,5,3,NULL),(19,2,2,5,NULL),(19,8,7,2,NULL),(19,14,10,1,NULL),(19,33,4,4,NULL),(19,34,1,3,NULL),(20,1,7,5,6),(20,3,2,1,2),(20,4,6,2,5),(20,9,3,7,1),(20,13,4,4,7),(20,23,1,3,4),(20,30,9,6,3),(21,8,8,3,4),(21,10,10,4,2),(21,20,6,1,1),(21,34,2,2,3),(22,3,4,1,NULL),(22,10,1,2,NULL),(22,11,5,3,NULL),(23,17,9,2,1),(23,21,8,1,3),(23,31,7,3,2),(24,19,4,3,NULL),(24,31,8,2,NULL),(24,32,9,1,NULL),(25,25,2,1,3),(25,29,3,3,2),(25,35,9,2,1),(26,6,3,1,NULL),(26,16,5,2,NULL),(26,17,1,3,NULL),(26,20,10,4,NULL),(27,4,1,3,4),(27,7,5,2,6),(27,11,10,1,3),(27,16,4,5,1),(27,18,9,6,2),(27,23,3,4,5),(28,6,1,1,NULL),(28,12,5,2,NULL),(28,15,4,5,NULL),(28,18,9,4,NULL),(28,21,8,3,NULL),(28,23,6,6,NULL),(28,29,7,7,NULL),(29,17,8,6,NULL),(29,21,6,2,NULL),(29,24,10,3,NULL),(29,25,7,1,NULL),(29,26,3,4,NULL),(29,27,9,5,NULL),(30,12,6,3,NULL),(30,13,3,4,NULL),(30,18,9,5,NULL),(30,27,10,1,NULL),(30,35,7,2,NULL),(31,7,8,4,4),(31,15,9,5,3),(31,16,1,1,5),(31,23,6,2,2),(31,28,2,3,1),(32,8,1,2,NULL),(32,13,5,5,NULL),(32,23,9,3,NULL),(32,31,2,4,NULL),(32,33,7,1,NULL),(33,15,10,2,NULL),(33,27,2,1,NULL),(33,29,1,3,NULL),(34,8,8,6,NULL),(34,9,2,1,NULL),(34,21,9,3,NULL),(34,22,10,7,NULL),(34,26,5,4,NULL),(34,27,6,5,NULL),(34,34,4,2,NULL),(35,5,5,1,2),(35,14,2,2,1),(35,30,7,3,3),(36,10,3,3,4),(36,21,7,1,2),(36,27,4,5,7),(36,29,10,7,1),(36,31,5,4,3),(36,32,1,6,8),(36,33,9,8,6),(36,35,2,2,5),(37,1,6,7,NULL),(37,8,2,5,NULL),(37,12,4,4,NULL),(37,14,3,3,NULL),(37,26,1,2,NULL),(37,27,8,6,NULL),(37,34,10,1,NULL),(38,4,1,1,NULL),(38,5,6,4,NULL),(38,10,10,3,NULL),(38,15,4,5,NULL),(38,25,8,2,NULL),(39,6,7,8,5),(39,11,10,7,6),(39,19,8,2,4),(39,21,9,6,3),(39,23,4,4,8),(39,25,1,3,1),(39,27,6,1,7),(39,35,3,5,2),(40,2,10,1,1),(40,8,8,4,5),(40,10,3,6,7),(40,19,5,7,2),(40,23,2,5,6),(40,26,1,2,4),(40,30,6,3,3),(46,1,9,1,NULL),(46,16,2,2,NULL),(48,6,5,1,NULL),(48,12,2,3,NULL),(48,17,6,4,NULL),(48,18,8,2,NULL),(48,19,3,5,NULL),(48,33,4,6,NULL);
/*!40000 ALTER TABLE `race_m2m_horse` ENABLE KEYS */;
UNLOCK TABLES;

--
-- Dumping data for table `user`
--

LOCK TABLES `user` WRITE;
/*!40000 ALTER TABLE `user` DISABLE KEYS */;
INSERT INTO `user` (`id`, `email`, `first_name`, `second_name`, `role`, `balance`, `birth_date`, `passport_series`, `passport_id`, `is_banned`, `password`, `salt`) VALUES (1,'yana32@example.net','Yanina','Lavrinovich','client',20001.00,'1999-07-30','MC','1234567',0,'1f5be7b366b21db886798f51795a2d5ed4ba1a9c25c06de829eddbf31a7aee8335ec6344fd93030cfc9095e989c1b67033459a2c79a885b35178b45167ea89a6','0d0c3bc62756e74502e08dd779e41b212932379e02f4b659194e9ecb4f43c11c16b38c3d08892065aff70f2120fc18c1f248a3d6eb9d7f8a283227a80475c3b1'),(4,'angeline85@example.org','Jamison','Sanford','client',1090.60,'1979-12-12','MC','1811383',0,'ae205d4777a68aa976414216a6d640977cad676839b8e78be76381b920f2aa278c7187a9e1d8e5293e2941b64553084159fd6b8ba475362f2b7c196ab5427759','c23c5f4e282e7e29b262ddf4498225da47ddff5e3462201ecdf5c987ca16743c77626f7e0dbef973678924623e94f8a3200da6adf22692d37e29c9bd94221370'),(5,'reymundo00@example.org','Clementine','Conroy','client',127.00,'1997-03-27','MC','1104658',0,'356bc968418ee206f7c503c2fd10ede6d38a52d58309fbd172a4fedb93532fbef4744bcac9dced6fac02dc1882df433aa6a23a556145e71da3b4938bc69bdeba','a83a23a92e6165436fe1880a456b0ffd292c33e7bc755f0c10a3d48e5d32d87c28e1d8d0df6fa1269dde8641ac907477cc69a98e5eb2fad1f6a3f7ba45b0d2fd'),(7,'iemard@example.net','Janice','Fisher','bookmaker',274.00,'1984-11-09','MC','5601606',0,'a7d115af9ccf13eb3eb54e06aeee7190436eb3e479f07588db35fd461e4113653b4add288574b6fd25b5b8b9d331006d598149000132ab7ebab5771310001b83','e0a5ddaeffe982aaba3a393f1a62495f8630363ba133a2f0a565d892d71c73c256547c1020117ebe06967c55ab8bc73d844e40ff47e103d1bb1ae2e88169a3d2'),(8,'albert.rogahn@example.net','Adelbert','Gleason','client',1060.00,'1977-03-06','MC','3854212',1,'b45e29b25aff26bbdab0b466144623a3eee94f5b75a4af5bd5650d82fa4ef0a2f2cf4c21c1fb1364bf255206cdc80876726a252089a4be4a7cd313c990abcd37','e44e24771bf5f83f358020a6d6f9b74f519cc56032e4851e034d5f7f29da16769dffa410a062f9dab7fe7c763af43c27d00171192836b9fbd0e8b86478d5382f'),(9,'xbernier@example.org','Kelsie','Huel','client',955.00,'1980-06-16','MC','2269633',0,'744b23cc51f160497c0ccc6377e61f5bd479b0d19b9f6afda0e8d94f5703976598932fb59c77b00166f21549a4f0d25850d6a3e1f486facd51dff2a07531f153','f446e9670cf76821b9ecf940560e10fec51b2196f67df1da14ef88722befaa4ed4f05f9b9b7184dbd38c32f243007c3e2412523bc0f55fe2c482d20f1569bbea'),(11,'admin@example.com','Ivan','Taleika','admin',450.00,'1999-05-19','MC','1111111',0,'fea54650ed3df281b5a2fc50830125ca90be94c11bde14c3eff399b65e745f5b3cfce52b175d7923b81787c95404430f999801db628741a89e6a0d7b99f3bdd0','7dbc466be2d0a9fc9c3cdcb02391dd9d32b88f0b5b2cf9ccd58ed14c24911cd2d3b3bd9b2d986c7bf7341bc06b920f17d9000be2571cf65d489a80424739f56c'),(12,'delta59@example.net','Hassie','Howell','bookmaker',310.00,'1980-06-05','ks','7994674',0,'af0c7d0aa80c8afa3332fcd7ad92efced9aaff205f37cb61ed920884b4c22ae111dabd2b4c08a96effc5224018298613d17c10f56a8c584b8659e0dbd837a136','e7362d83223b72f85a961d9fcb2a6cd5d3dfe8b1134acd92722b1500e4864f18ebbf98a00ece0cbc678f5c16645c92fe20bbc40ce5d88c53169c478ff3bffbc0'),(13,'srau@example.net','Stanton','Dooley','bookmaker',195.00,'1976-02-15','rx','8311237',0,'19dc51f8d68765a3ad5d210e8c1e10a51cf07ae81320caa50322dc392d08da16a73ec0d4b2745c675da7d6a2daca0ce3566f9720da278e1cb40866fb16f89e58','a32535630e69bbd4765bf26bbbc87c44f57371a4164a7f8e9f1a0a7cdaec1505be0a6f51b5ddced226e40a1b9da86065b447d85aa81849f55070d1e543864407'),(14,'ahmad89@example.net','Alice','Nikolaus','bookmaker',657.00,'1991-07-07','yh','1339213',0,'58eea94804375cb3663ec88df5a435587fccfa2284e6930321637b2a113901701baff3c97dec7b21982a32b854ac7f50d3f249ee10ab016ca548e08f3f8f9e80','bb209bd60ff7dc7ee42bd41e8fcfde0eb93e293d38aa011b5206c24dc2851e0d58ad61d353d57518d104801c05fb3c5a8e04aea9e4f1a8bdb26b2f722cac9e98'),(15,'schaefer.angelo@example.org','Marquise','Gislason','admin',257.00,'1999-04-06','af','7885138',0,'93fd2a0d904bf3214484a49179fa82ec0ee9ccd13d293f2fc04ad39f18b555487e8557712882bc713a966a30ef167eea8d2651b6e07b0464915ff94872154927','9698289fb51f3e80b7748fc3241e05b0bfc6048979a5e5ab901fb49216c5cdb8bae46cd617750e33b5642c0d15aa38d1bd3c2dda688f77ed54082fe8bc0701fb'),(16,'padberg.franz@example.net','Bulah','Bauch','client',3592.00,'1998-01-13','ia','0946259',0,'d4624d83c6df9a25f2fab515761334370f577afaf7d47a2a736cb6b2158bb5c1970e9a6b8760fd3017339cf11de1c53ad5ed39b307888d226ee525649676973b','747fcdbb9604da9db5be7c29be9206281ba5038b1ea3fee823b5039f7893e0b3698232b10ee24fa76e3dd0ba561e5c291eb23e09870c2e0222157b09e8a629a5'),(17,'blanda.madisyn@example.net','Wellington','Wisozk','admin',627.00,'1983-02-22','pv','7706946',0,'8fd1da565e4a849a30119c4822c67a5e18927984bf44bc64cc307452c1a3c2b39ae680c7df4b73e3d556681387851d05825b7a6f368caa2916adbf545e4b220f','5f2d3e719a2168e86089f9231c6a62fd2a5392bd8cbb4de334a957f2feec2d3f7b5b66ebb3bf09944eeac625e73b0ff6750d25485449045e890b8a37c26851aa'),(18,'frederique00@example.org','Kyra','Grimes','admin',125.00,'1986-01-13','ft','5840053',1,'8f4f14fa1ba02ad06adc3b839a7f9742f2fdcb0b146ce9fab61dd75985517d45aefe7eef5c8aa5d0aafa7d89609c0b2bd2421f35d3855991e56898ef2fb2e035','a0ab4757a28f47186ed2318cb43222abda12dabf005961a1ff411c13a69ff8a75b16f99acbf47ff06af64d8ceb0472f4b305b2f39a34451020243c8000a49c06'),(19,'barrett52@example.com','Stan','Morissette','admin',895.00,'1984-11-25','bz','2965756',0,'20fcd67569b8b93e1c64da38ead76b2a45029b086b596e1655406d2dfb5458fd0fa4d2d7b214cb50c1c77d1f207f76a6cb81489f9e8afbb1134505b965e710d5','899c4f85f75e9325741963d1ca0ff154f1b83f92d9d622c216ede099e2eabb43f2a0d109c2d4b7a34e01f3cc7eeaf17e94b64292fa4fb49f91a1e9007abd7ba2'),(21,'lonzo.wyman@example.net','Sibyl','Kovacek','admin',311.00,'1994-10-21','fu','4137190',0,'83bb3a5656117a6b296f8a6810a62f3af34754de38ecf894d41602a88f27fd82e3f4af59869f5e4b63b8b6dd0f6d5b64fdbb3d1c61c41503504a46aec0f2b07e','a735d118929d1e52bf798b43b460574088ed183ff831f47d3111887a89befe12488f3a2953c20bfa99fdbab1174308b719eeafcc7e34488f46f3d0562a4687d3'),(22,'eloisa58@example.org','Johnson','Zulauf','client',45.00,'1998-12-01','aw','5187570',0,'59043b4c920c531033702f1e773c6cdc99c52603dd980ba42a3023095c618140666cb6624a620e787d3e2e9031228b0b3151b0b729fb084b5421f894e2d6d36b','9b1e9a282f61c9f9dab028398ca3bcbeec650413e6402e883857cb8e991c205058990ef6cd49c20e040f4ee1410f7d1448e25c1ab837f5cc005692df8061311e'),(23,'stehr.dayne@example.net','Malachi','Prohaska','admin',96.00,'1974-06-27','jr','5475789',0,'bed04ea32d8c4a2dce1378bfc8d02ee2ce32a84baea47b8d91916de80862f8b6100e4483aa9f1e96f2fee7b6b2650012eb77fd7cde14234d2b0a81f732b744c9','9ee2bea64041d25a6956215ff3f1db10321ec522c3648bbb313406b7c8467cdc3fca1593d8a31a148e067f369322586a017cfa2ecc0f8e20d930060b3f500f38'),(24,'rey.huels@example.net','Christian','Maggio','bookmaker',35.00,'1996-10-08','nb','3294816',0,'9c68a408ad098c6c90821bc9ddc88bd18ef0919cf9be7e7321f6e67b80d938037af4fd059952ca7862667c1698684252968b3370fdad80bc401ee1884f17c17d','de3f08c84a0f14446c56beab434aeda4291b606a07a75639a63a6ff14c907dae669e7b2a105cf44f9539c315ccf45c5280b5917ac43321494f24172c5189e5d1'),(25,'ileffler@example.org','Katelynn','Buckridge','bookmaker',778.00,'1987-04-16','py','5284029',0,'962a95b9821502e93bd51a497d0372b7baaf05eaff9300ef2749d78713ce85a62e87a4788bfe5494c5ce87723429bc302d7e65e8a409b891abc74153e00c090d','531647c9a354c4cb6785eb1be119548ec245c5facdbd7ecc62f36f2fae593b7ce25e703e25793ef4aaa1675c5cb0fbe664ece6d732b895a186a1db378996d85d'),(26,'traynor@example.org','Gina','Gusikowski','admin',721.00,'1983-05-04','bq','8953818',0,'184a0939292eb3313a741c48d370b64c53e9eb1403087e670f8d74f75dc17745671875f98b5c410eb605b2f3254cc15351a98643a0c93341ae757f7f172460cf','13a5bb0e5cf93a36e78d6aa376e07ef6a22b17644075cd6dec23fc4e01d6ed13f3d841e331e3cc5eed1ab3b7126ccc83ec9f9ff5d61d31240902b9ffe403ff76'),(27,'zgleason@example.org','Alberto','Hermiston','bookmaker',588.00,'1996-09-01','zo','7001779',0,'610306083d1cf8ada9319212b540448f921eb558b05ed01ab91d2ff1d21c9bcdef67b7b53e0d903e0e566f6a03674961a1b69bc945da1823396f182f9db22d02','5b1396073b498fd8ae9e7e7616a08bef944095a61ca5f503f1fb961e16fffffc1c817ed30d28cee247bb05b4b5cfb8fad727aae8186473b9840098fee88b4051'),(28,'orion.mohr@example.net','Zita','Cartwright','bookmaker',424.00,'1991-04-21','al','8610299',0,'d683baf0b125af4c055c5fe12533ea48659f92ca3e50878376083c5fe87639b39cf0b27feb8dd28a3260c287cdff0897ad525033127c17783caf176177abb6a9','a27a70075696ce25e492c1fb3086f85d6f8dbcc47fe1cd0159a77153832327b0963134500ac3a85e420dadfea0f6efe7fab2fd5f9b256669a2afc6bed4b6863b'),(29,'candida.wolff@example.net','Dell','Casper','bookmaker',112.00,'1972-06-20','jd','4179762',0,'6c4c6b3ff4d0d40460a6d47ef82941250a095e4d69d186c73ef6238d6465afab1e03fc3148053792f8d59790803656c7baacf530b88068bec9760544ad57a07d','6d7b65fe3378e6df088e990b2c7e484deded680cd04e5ba13f37c84212633ceb55b2b4425ca2a316701acc1d40fd7f228172e1cdf6d14353941ad3ea5a38757d'),(30,'evangeline.weissnat@example.org','Randy','Hagenes','bookmaker',228.00,'1982-07-25','ii','8238004',0,'b432fcbd9a0a3470d2125f4a855e09a6494c9da46a2e7495e4bb003f27b058db24215ed086f029911e33a12f936b2372bfe830705268402ed89803c55f779c04','9f0d2e95e797c3b07da2d5345da68b80f17906f50ba35cc334d7b05909ac2a9d620c2a949571bd6eb9505024ba4c401aa066c9411df7bc6ac425756c93db6e78'),(31,'monique47@example.org','Santos','Bode','bookmaker',117.00,'1988-05-15','ra','1764876',0,'3f39b508ebf774ebb02e870f481f9d42a85e913e302bb1b5cd48726a711bf8d1af52ff9d25ab626eaec68afe96fc447c18b2acf0169299fd8b9bf7e16c0bf02e','ddd6d3c5c497435484b258faa41e580eb3b2c3112c65599f8f4a564d0789970504428e859125d6449c9ce58e48fa40ee718d56b59bf6040a7fec6f43bc0fb22f'),(32,'ntorp@example.org','Gene','Smitham','bookmaker',734.00,'1973-05-16','xg','9426909',0,'75cb042b89443d0926389af3ce479c786b2990465c4ddf000e8ea2c4a64d2ded4a0800c81f56cfa1a8baa5f0c73363f6391f49f8ac920f8631c30904c570e4f7','17b532f22aa2e3c0db18a70bd4e60a6786d2ac95f60d42df8250697790de7876c778bf2647708c9dc1467f8e27b80a329229e84213695230c8916e60b665b8b6'),(33,'rowena.torphy@example.net','Wilmer','Walker','bookmaker',188.00,'1977-09-06','ez','2265791',0,'2ecfabb0a683b8bf10c67225753d9582c3e240c57f4377c2f872cafdb7a176ed2fc04342c9192222735a25725885273af8916def1622bc1bd2b34bf5a204a5b3','b0d32e66e6c59ead6a83654eb59d369ef2bbd5c2dfd1ac3f231e96fe85a4d14a54adf171e511b56b87e77422edd131691cf8c887353228ede2cb5f2544f97672'),(34,'alisha.huel@example.net','Shayne','Lebsack','admin',667.00,'1992-11-14','yx','0462630',0,'e662cffa67e3cc3140c071409db2b58361e220c6d8fbab8d6b7d922a85cb8f544d8af9750b16966d5f5a83bf1e64c749d3df0fa82c5c20cf790f06715e9dc944','3c43b3876d345302851eff2c36ae86d08202133127253c806647b04f2629b33a23be1ecedd8ee3d12f3793e6d36059da04d2abf8ba782eec097383abd6a9c46e'),(35,'vernon89@example.org','Austen','Hayes','client',106.00,'1971-11-03','oi','9914457',0,'751eaabe1fcaa458a768dedf07d9da427828f6a4883a7083f6e92c79d712dd68b13cb10936ded2d88ede36c20ffe498365cbcc2b6d5acd2cf6b232b77a9f2167','01b0b02414d67edf32555095112bb007efe4ee553fa47bfc7aec96cb11e858c86462c77aa0dd4f914e08b6dc47b4ce07ccc3bb60175946b06101e00517f5530f'),(36,'kylie.stroman@example.com','Lenny','McCullough','bookmaker',434.00,'1975-10-18','cn','3837934',0,'08ff3a9b2c0b04fb7129cd5e7dd357ff49d30ed6a67d22666801590ce545134729d335d3c51523c02e9e420d7c67bc5b281578542d4706cbc86306306154ba6b','6b88045ecefac9c83714c35b9f0339ade0959c4c5ca3764bc47ef26e7c59ee5f228c317841963a35bedda9e24459b4c08264f1e7dc1dfb2e98fc8bd84f1666a4'),(41,'xefzar@gmail.comb','Ivan','Telepeika','client',225.00,'2000-10-04','MC','1597623',0,'e8393b5d5f426c2c7ab6e39265ccc10f5b1384589777ff73aa3728f36bedafe1cbb9d78f53c12b92241607518512117749cb01faa5d5e81dd13144a308f66fce','0006caa840874841b2c8ee9db9c397e510bd989e65f99c96ff21a5c1166f7d3a8ac5a7e62b6a44c4d4205bebed8e3412571af0716a584f37dca1c4909f143c1d');
/*!40000 ALTER TABLE `user` ENABLE KEYS */;
UNLOCK TABLES;

--
-- Dumping data for table `user_bet`
--

LOCK TABLES `user_bet` WRITE;
/*!40000 ALTER TABLE `user_bet` DISABLE KEYS */;
INSERT INTO `user_bet` (`id`, `bet_id`, `user_id`, `stake`, `odds`, `state`) VALUES (5,1,4,140.00,2.50,'loss'),(6,4,4,200.50,3.20,'won'),(7,1,1,234.00,2.50,'loss'),(8,2,5,500.00,2.30,'loss'),(9,5,8,320.00,2.50,'won'),(11,8,1,100.00,2.40,'won'),(12,9,1,100.00,2.60,'loss'),(13,9,1,100.00,2.60,'loss'),(14,8,1,100.00,2.40,'won'),(15,9,1,100.00,2.60,'loss'),(16,8,1,100.00,2.40,'won'),(17,9,1,100.00,2.60,'loss'),(18,8,1,100.00,2.40,'won'),(19,9,1,100.00,2.60,'loss'),(20,8,1,100.00,2.40,'won'),(21,9,1,100.00,2.60,'loss'),(22,8,1,100.00,2.40,'won'),(23,9,1,100.00,2.60,'loss'),(24,8,1,100.00,2.40,'won'),(25,9,1,100.00,2.60,'loss'),(26,8,1,100.00,2.40,'won'),(27,9,1,100.00,2.60,'loss'),(28,8,1,100.00,2.40,'won'),(29,9,1,100.00,2.60,'loss'),(30,8,1,100.00,2.40,'won'),(31,9,1,100.00,2.60,'loss'),(32,8,1,100.00,2.40,'won'),(33,9,1,100.00,2.60,'loss'),(34,8,1,100.00,2.40,'won'),(35,9,1,100.00,2.60,'loss'),(36,8,1,100.00,2.40,'won'),(37,9,1,100.00,2.60,'loss'),(38,8,1,100.00,2.40,'won'),(39,9,1,100.00,2.60,'loss'),(40,8,1,100.00,2.40,'won'),(41,9,1,100.00,2.60,'loss'),(42,8,1,100.00,2.40,'won'),(43,9,1,100.00,2.60,'loss'),(44,8,1,100.00,2.40,'won'),(45,9,1,100.00,2.60,'loss'),(46,8,1,100.00,2.40,'won'),(47,9,1,100.00,2.60,'loss'),(48,8,1,100.00,2.40,'won'),(49,9,1,100.00,2.60,'loss'),(50,8,1,100.00,2.40,'won'),(51,9,1,100.00,2.60,'loss'),(52,8,1,100.00,2.40,'won'),(53,9,1,100.00,2.60,'loss'),(54,8,1,100.00,2.40,'won'),(55,9,1,100.00,2.60,'loss'),(56,8,1,100.00,2.40,'won'),(57,9,1,100.00,2.60,'loss'),(58,8,1,100.00,2.40,'won'),(59,9,1,100.00,2.60,'loss'),(60,8,1,100.00,2.40,'won'),(61,9,1,100.00,2.60,'loss'),(62,8,1,100.00,2.40,'won'),(63,9,1,100.00,2.60,'loss'),(64,8,1,100.00,2.40,'won'),(65,9,1,100.00,2.60,'loss'),(66,8,1,100.00,2.40,'won'),(67,9,1,100.00,2.60,'loss'),(68,8,1,100.00,2.40,'won'),(69,9,1,100.00,2.60,'loss'),(70,8,1,100.00,2.40,'won'),(71,9,1,100.00,2.60,'loss'),(72,8,1,100.00,2.40,'won'),(73,9,1,100.00,2.60,'loss'),(74,8,1,100.00,2.40,'won'),(75,9,1,100.00,2.60,'loss'),(76,8,1,100.00,2.40,'won'),(77,9,1,100.00,2.60,'loss'),(78,8,1,100.00,2.40,'won'),(79,9,1,100.00,2.60,'loss'),(80,8,1,100.00,2.40,'won'),(81,9,1,100.00,2.60,'loss'),(82,8,1,100.00,2.40,'won'),(83,9,1,100.00,2.60,'loss'),(84,8,1,100.00,2.40,'won'),(85,9,1,100.00,2.60,'loss'),(86,8,1,100.00,2.40,'won'),(87,9,1,100.00,2.60,'loss'),(88,8,1,100.00,2.40,'won'),(89,9,1,100.00,2.60,'loss'),(90,8,1,100.00,2.40,'won'),(91,9,1,100.00,2.60,'loss'),(92,8,1,100.00,2.40,'won'),(93,9,1,100.00,2.60,'loss'),(94,8,1,100.00,2.40,'won'),(95,9,1,100.00,2.60,'loss'),(96,8,1,100.00,2.40,'won'),(97,9,1,100.00,2.60,'loss'),(98,8,1,100.00,2.40,'won'),(99,9,1,100.00,2.60,'loss'),(100,8,1,100.00,2.40,'won'),(101,9,1,100.00,2.60,'loss'),(102,8,1,100.00,2.40,'won'),(103,9,1,100.00,2.60,'loss'),(104,8,1,100.00,2.40,'won'),(105,9,1,100.00,2.60,'loss'),(106,8,1,100.00,2.40,'won'),(107,10,1,100.00,5.80,'loss'),(108,14,1,100.00,3.20,'loss'),(111,13,1,150.00,8.00,'won'),(112,15,1,50.00,1.50,'loss'),(113,10,1,100.00,5.80,'loss'),(114,12,1,200.00,1.60,'won'),(115,14,1,200.00,3.20,'loss'),(116,12,1,300.00,1.60,'won'),(117,13,16,136.50,8.00,'won'),(118,11,16,500.50,5.10,'loss'),(119,13,16,100.00,8.00,'won'),(120,14,16,200.00,3.20,'loss'),(121,8,1,100.00,2.40,'won'),(122,9,1,100.00,2.60,'loss'),(127,NULL,1,220.00,1.00,'return'),(128,NULL,35,28.00,1.00,'return'),(129,NULL,1,110.00,2.00,'return'),(130,NULL,11,230.00,1.00,'return'),(131,NULL,41,115.00,2.00,'return'),(132,24,1,775.00,2.80,'placed'),(133,24,4,300.00,2.80,'placed'),(134,29,1,200.00,7.00,'placed'),(135,24,1,350.50,6.40,'placed');
/*!40000 ALTER TABLE `user_bet` ENABLE KEYS */;
UNLOCK TABLES;
/*!40103 SET TIME_ZONE=@OLD_TIME_ZONE */;

/*!40101 SET SQL_MODE=@OLD_SQL_MODE */;
/*!40014 SET FOREIGN_KEY_CHECKS=@OLD_FOREIGN_KEY_CHECKS */;
/*!40014 SET UNIQUE_CHECKS=@OLD_UNIQUE_CHECKS */;
/*!40101 SET CHARACTER_SET_CLIENT=@OLD_CHARACTER_SET_CLIENT */;
/*!40101 SET CHARACTER_SET_RESULTS=@OLD_CHARACTER_SET_RESULTS */;
/*!40101 SET COLLATION_CONNECTION=@OLD_COLLATION_CONNECTION */;
/*!40111 SET SQL_NOTES=@OLD_SQL_NOTES */;

-- Dump completed on 2018-10-22  8:36:41
